{"cameraMode":{"drawMode":0,"name":"Shaded","section":"Shading Mode"},"sceneLighting":false,"audioPlay":false,"sceneViewState":{"showFog":true,"showMaterialUpdate":false,"showSkybox":false,"showFlares":true,"showImageEffects":true,"showParticleSystems":true},"in2DMode":false,"pivot":{"x":0.019999980926513673,"y":2.6431586742401125,"z":0.05995607376098633},"rotation":{"x":-0.4191235601902008,"y":0.10986349731683731,"z":-0.05117829516530037,"w":-0.8998083472251892},"size":3.4635283946990969,"orthographic":false}