{"cameraMode":{"drawMode":0,"name":"Shaded","section":"Shading Mode"},"sceneLighting":false,"audioPlay":false,"sceneViewState":{"showFog":true,"showMaterialUpdate":false,"showSkybox":false,"showFlares":true,"showImageEffects":true,"showParticleSystems":true},"in2DMode":false,"pivot":{"x":0.17410458624362946,"y":1.4534038305282593,"z":-2.2472786903381349},"rotation":{"x":-0.2921396493911743,"y":0.038429416716098788,"z":-0.011752987280488015,"w":-0.9555350542068481},"size":0.00005715767838410102,"orthographic":false}