{"cameraMode":{"drawMode":0,"name":"Shaded","section":"Shading Mode"},"sceneLighting":false,"audioPlay":false,"sceneViewState":{"showFog":true,"showMaterialUpdate":false,"showSkybox":false,"showFlares":true,"showImageEffects":true,"showParticleSystems":true},"in2DMode":false,"pivot":{"x":-0.10482008755207062,"y":10.323328971862793,"z":-3.7777185440063478},"rotation":{"x":-0.4129101634025574,"y":-0.01530392188578844,"z":0.006935522425919771,"w":-0.9106209874153137},"size":0.000057183562603313476,"orthographic":false}