{"cameraMode":{"drawMode":0,"name":"Shaded","section":"Shading Mode"},"sceneLighting":false,"audioPlay":false,"sceneViewState":{"showFog":true,"showMaterialUpdate":false,"showSkybox":false,"showFlares":true,"showImageEffects":true,"showParticleSystems":true},"in2DMode":false,"pivot":{"x":3.7103166580200197,"y":21.476388931274415,"z":-27.645702362060548},"rotation":{"x":-0.32165390253067019,"y":0.062144629657268527,"z":-0.0211661197245121,"w":-0.9445825815200806},"size":0.00005715767838410102,"orthographic":false}