{"cameraMode":{"drawMode":0,"name":"Shaded","section":"Shading Mode"},"sceneLighting":false,"audioPlay":false,"sceneViewState":{"showFog":true,"showMaterialUpdate":false,"showSkybox":false,"showFlares":true,"showImageEffects":true,"showParticleSystems":true},"in2DMode":false,"pivot":{"x":1.90165376663208,"y":11.744399070739746,"z":-15.481314659118653},"rotation":{"x":-0.31749093532562258,"y":0.05798161029815674,"z":-0.01945721171796322,"w":-0.9462911486625671},"size":0.00005715767838410102,"orthographic":false}