{"cameraMode":{"drawMode":0,"name":"Shaded","section":"Shading Mode"},"sceneLighting":false,"audioPlay":false,"sceneViewState":{"showFog":true,"showMaterialUpdate":false,"showSkybox":false,"showFlares":true,"showImageEffects":true,"showParticleSystems":true},"in2DMode":false,"pivot":{"x":5.345133304595947,"y":22.987464904785158,"z":-26.840267181396486},"rotation":{"x":-0.2775520384311676,"y":0.054432276636362079,"z":-0.01575721986591816,"w":-0.9590417742729187},"size":0.00005715767838410102,"orthographic":false}