{"cameraMode":{"drawMode":0,"name":"Shaded","section":"Shading Mode"},"sceneLighting":false,"audioPlay":false,"sceneViewState":{"showFog":true,"showMaterialUpdate":false,"showSkybox":false,"showFlares":true,"showImageEffects":true,"showParticleSystems":true},"in2DMode":false,"pivot":{"x":-1.1331695318222047,"y":15.390928268432618,"z":-32.26523208618164},"rotation":{"x":-0.23300838470458985,"y":-0.0177987739443779,"z":0.004261252470314503,"w":-0.9723063111305237},"size":0.00005715767838410102,"orthographic":false}